Target,Accuracy,Precision,Recall,F1-score
Delivery Delay,0.92,0.9520661157024793,0.9427168576104746,0.9473684210526315
Accident Occurred,0.76,0.5588235294117647,0.5277777777777778,0.5428571428571428
Damaged Product,0.735,0.5724907063197026,0.6135458167330677,0.5923076923076923
Breakdown Occurred,0.84875,0.6638655462184874,0.49375,0.5663082437275986
