Target,Accuracy,Precision,Recall,F1-score
Delivery Delay,0.91125,0.9354838709677419,0.9492635024549918,0.9423233143785541
Accident Occurred,0.7425,0.5257731958762887,0.4722222222222222,0.4975609756097561
Damaged Product,0.72125,0.5578512396694215,0.5378486055776892,0.5476673427991886
Breakdown Occurred,0.85,0.65625,0.525,0.5833333333333334
